Id,bound
0,1
1,0
2,1
3,0
4,0
5,0
6,0
7,1
8,0
9,1
10,1
11,0
12,1
13,0
14,1
15,1
16,0
17,1
18,1
19,0
20,0
21,0
22,1
23,1
24,0
25,0
26,0
27,0
28,0
29,0
30,0
31,0
32,0
33,1
34,0
35,0
36,0
37,0
38,0
39,0
40,0
41,0
42,1
43,0
44,1
45,1
46,0
47,1
48,0
49,0
50,1
51,1
52,0
53,0
54,0
55,0
56,1
57,1
58,1
59,0
60,0
61,0
62,0
63,1
64,0
65,0
66,0
67,1
68,0
69,1
70,0
71,0
72,1
73,1
74,0
75,1
76,1
77,0
78,0
79,1
80,0
81,0
82,0
83,1
84,1
85,0
86,0
87,0
88,0
89,0
90,1
91,1
92,1
93,0
94,0
95,1
96,1
97,0
98,1
99,1
100,0
101,1
102,1
103,0
104,0
105,0
106,1
107,0
108,1
109,1
110,0
111,0
112,0
113,1
114,0
115,1
116,0
117,1
118,1
119,0
120,1
121,0
122,1
123,0
124,1
125,0
126,0
127,0
128,0
129,1
130,0
131,1
132,1
133,0
134,1
135,1
136,1
137,0
138,1
139,1
140,0
141,0
142,0
143,0
144,1
145,1
146,1
147,0
148,0
149,1
150,1
151,1
152,1
153,1
154,1
155,0
156,0
157,0
158,0
159,1
160,0
161,0
162,1
163,1
164,0
165,1
166,0
167,0
168,1
169,0
170,0
171,1
172,0
173,1
174,1
175,0
176,1
177,1
178,1
179,0
180,1
181,1
182,1
183,1
184,0
185,1
186,1
187,0
188,0
189,1
190,0
191,0
192,0
193,0
194,0
195,1
196,0
197,0
198,1
199,1
200,0
201,0
202,0
203,0
204,0
205,1
206,1
207,0
208,0
209,0
210,0
211,1
212,1
213,0
214,1
215,0
216,1
217,0
218,1
219,1
220,1
221,0
222,1
223,0
224,0
225,1
226,1
227,0
228,0
229,1
230,0
231,0
232,0
233,0
234,1
235,0
236,1
237,0
238,1
239,1
240,1
241,1
242,1
243,0
244,1
245,0
246,0
247,1
248,0
249,1
250,1
251,0
252,0
253,0
254,0
255,0
256,0
257,0
258,0
259,1
260,1
261,0
262,1
263,0
264,0
265,0
266,1
267,1
268,1
269,1
270,1
271,1
272,1
273,0
274,0
275,1
276,0
277,1
278,0
279,1
280,1
281,1
282,0
283,1
284,1
285,0
286,1
287,0
288,0
289,0
290,0
291,0
292,0
293,0
294,0
295,1
296,0
297,1
298,1
299,0
300,0
301,0
302,0
303,0
304,1
305,0
306,0
307,0
308,0
309,0
310,1
311,1
312,1
313,0
314,1
315,0
316,1
317,1
318,1
319,1
320,0
321,0
322,0
323,1
324,0
325,1
326,1
327,0
328,0
329,0
330,0
331,1
332,0
333,0
334,0
335,1
336,1
337,0
338,1
339,1
340,0
341,0
342,0
343,0
344,1
345,1
346,1
347,1
348,1
349,1
350,1
351,0
352,0
353,0
354,1
355,1
356,1
357,1
358,1
359,0
360,1
361,0
362,1
363,1
364,0
365,1
366,0
367,0
368,1
369,0
370,0
371,1
372,1
373,0
374,0
375,1
376,0
377,0
378,1
379,0
380,0
381,1
382,1
383,0
384,0
385,1
386,0
387,0
388,0
389,0
390,1
391,1
392,1
393,0
394,1
395,1
396,0
397,1
398,1
399,1
400,0
401,1
402,1
403,1
404,0
405,1
406,0
407,1
408,1
409,0
410,1
411,0
412,1
413,0
414,0
415,1
416,0
417,0
418,1
419,1
420,0
421,1
422,1
423,0
424,1
425,1
426,1
427,1
428,1
429,0
430,1
431,0
432,0
433,1
434,0
435,0
436,0
437,1
438,1
439,0
440,1
441,0
442,1
443,0
444,1
445,0
446,1
447,0
448,0
449,1
450,0
451,0
452,0
453,0
454,0
455,0
456,0
457,1
458,1
459,1
460,0
461,1
462,1
463,1
464,0
465,0
466,0
467,1
468,1
469,1
470,0
471,1
472,1
473,1
474,0
475,0
476,1
477,0
478,1
479,0
480,0
481,1
482,0
483,1
484,0
485,1
486,1
487,0
488,1
489,1
490,0
491,0
492,0
493,1
494,1
495,0
496,1
497,1
498,1
499,0
500,1
501,0
502,1
503,0
504,0
505,0
506,1
507,1
508,0
509,1
510,0
511,1
512,1
513,0
514,0
515,0
516,1
517,0
518,0
519,0
520,0
521,0
522,0
523,0
524,0
525,0
526,0
527,0
528,0
529,0
530,0
531,1
532,1
533,1
534,1
535,1
536,0
537,1
538,0
539,0
540,0
541,0
542,0
543,0
544,0
545,0
546,0
547,1
548,1
549,1
550,0
551,0
552,1
553,1
554,1
555,1
556,0
557,1
558,0
559,1
560,0
561,1
562,0
563,0
564,0
565,0
566,1
567,1
568,0
569,1
570,0
571,1
572,0
573,1
574,0
575,0
576,0
577,1
578,1
579,1
580,0
581,1
582,0
583,0
584,0
585,1
586,0
587,1
588,0
589,1
590,0
591,1
592,0
593,0
594,0
595,0
596,0
597,0
598,1
599,1
600,1
601,0
602,1
603,1
604,0
605,0
606,1
607,1
608,1
609,0
610,1
611,0
612,0
613,1
614,1
615,0
616,0
617,0
618,1
619,1
620,1
621,1
622,0
623,1
624,1
625,0
626,1
627,0
628,1
629,0
630,0
631,0
632,1
633,1
634,1
635,0
636,1
637,0
638,0
639,0
640,0
641,0
642,0
643,1
644,1
645,1
646,0
647,1
648,1
649,0
650,1
651,0
652,0
653,1
654,0
655,1
656,0
657,0
658,0
659,0
660,0
661,0
662,0
663,1
664,1
665,1
666,1
667,1
668,1
669,0
670,0
671,1
672,0
673,0
674,0
675,0
676,1
677,0
678,1
679,0
680,1
681,0
682,1
683,0
684,0
685,0
686,0
687,1
688,0
689,0
690,0
691,0
692,0
693,1
694,0
695,0
696,1
697,0
698,0
699,0
700,0
701,0
702,1
703,0
704,1
705,0
706,0
707,0
708,0
709,0
710,0
711,0
712,1
713,1
714,0
715,1
716,0
717,1
718,1
719,1
720,1
721,0
722,0
723,1
724,0
725,1
726,0
727,0
728,0
729,1
730,1
731,1
732,1
733,1
734,0
735,1
736,0
737,1
738,0
739,1
740,0
741,0
742,1
743,0
744,0
745,0
746,0
747,1
748,0
749,0
750,1
751,1
752,1
753,0
754,0
755,0
756,1
757,1
758,1
759,1
760,0
761,1
762,1
763,0
764,0
765,0
766,0
767,0
768,1
769,0
770,1
771,0
772,0
773,0
774,0
775,0
776,0
777,1
778,1
779,0
780,1
781,1
782,1
783,0
784,0
785,1
786,1
787,0
788,0
789,0
790,1
791,1
792,0
793,1
794,0
795,0
796,0
797,0
798,0
799,0
800,1
801,1
802,0
803,0
804,0
805,1
806,0
807,0
808,1
809,0
810,0
811,0
812,0
813,0
814,1
815,0
816,0
817,1
818,0
819,0
820,1
821,0
822,0
823,0
824,0
825,0
826,0
827,1
828,0
829,1
830,1
831,1
832,0
833,0
834,0
835,0
836,0
837,0
838,0
839,0
840,1
841,0
842,0
843,1
844,0
845,1
846,0
847,1
848,1
849,0
850,0
851,1
852,1
853,1
854,0
855,0
856,0
857,0
858,1
859,1
860,0
861,1
862,0
863,1
864,1
865,0
866,0
867,1
868,1
869,0
870,0
871,0
872,1
873,0
874,0
875,1
876,1
877,1
878,1
879,0
880,0
881,0
882,1
883,0
884,0
885,0
886,1
887,1
888,1
889,0
890,0
891,1
892,1
893,0
894,1
895,0
896,0
897,0
898,1
899,0
900,0
901,0
902,0
903,1
904,0
905,0
906,1
907,1
908,1
909,1
910,1
911,1
912,1
913,0
914,1
915,0
916,1
917,0
918,0
919,0
920,0
921,1
922,1
923,0
924,0
925,1
926,0
927,0
928,0
929,0
930,0
931,1
932,0
933,1
934,0
935,0
936,1
937,0
938,0
939,0
940,1
941,0
942,1
943,1
944,0
945,1
946,1
947,0
948,1
949,1
950,0
951,0
952,1
953,0
954,1
955,0
956,1
957,0
958,0
959,0
960,0
961,1
962,1
963,0
964,0
965,1
966,0
967,1
968,0
969,1
970,0
971,0
972,0
973,0
974,0
975,0
976,0
977,0
978,1
979,1
980,1
981,1
982,1
983,1
984,0
985,0
986,1
987,0
988,1
989,1
990,0
991,1
992,0
993,0
994,1
995,1
996,1
997,0
998,1
999,1
1000,1
1001,0
1002,0
1003,1
1004,1
1005,1
1006,0
1007,0
1008,0
1009,0
1010,1
1011,0
1012,1
1013,0
1014,1
1015,0
1016,1
1017,1
1018,1
1019,0
1020,0
1021,1
1022,1
1023,1
1024,1
1025,1
1026,1
1027,0
1028,1
1029,1
1030,0
1031,0
1032,0
1033,0
1034,1
1035,1
1036,1
1037,1
1038,0
1039,0
1040,1
1041,1
1042,0
1043,1
1044,1
1045,1
1046,0
1047,0
1048,1
1049,0
1050,0
1051,0
1052,0
1053,1
1054,0
1055,0
1056,0
1057,1
1058,1
1059,1
1060,1
1061,0
1062,1
1063,0
1064,1
1065,0
1066,0
1067,0
1068,0
1069,1
1070,1
1071,1
1072,1
1073,1
1074,1
1075,0
1076,1
1077,0
1078,1
1079,0
1080,1
1081,0
1082,1
1083,1
1084,0
1085,1
1086,1
1087,1
1088,1
1089,0
1090,0
1091,0
1092,0
1093,0
1094,1
1095,1
1096,1
1097,1
1098,0
1099,1
1100,0
1101,1
1102,1
1103,0
1104,0
1105,0
1106,1
1107,1
1108,1
1109,0
1110,1
1111,0
1112,1
1113,0
1114,1
1115,1
1116,1
1117,1
1118,0
1119,0
1120,1
1121,0
1122,0
1123,1
1124,0
1125,1
1126,1
1127,0
1128,0
1129,0
1130,1
1131,0
1132,1
1133,1
1134,0
1135,1
1136,0
1137,0
1138,1
1139,1
1140,1
1141,0
1142,0
1143,1
1144,0
1145,1
1146,1
1147,0
1148,1
1149,0
1150,0
1151,1
1152,0
1153,0
1154,0
1155,1
1156,0
1157,1
1158,0
1159,0
1160,1
1161,1
1162,0
1163,0
1164,1
1165,0
1166,1
1167,1
1168,0
1169,0
1170,1
1171,1
1172,1
1173,1
1174,0
1175,0
1176,1
1177,0
1178,0
1179,0
1180,0
1181,0
1182,0
1183,0
1184,1
1185,1
1186,1
1187,0
1188,0
1189,1
1190,0
1191,1
1192,0
1193,1
1194,1
1195,0
1196,0
1197,0
1198,0
1199,1
1200,0
1201,0
1202,0
1203,1
1204,1
1205,0
1206,0
1207,0
1208,0
1209,0
1210,1
1211,0
1212,1
1213,1
1214,0
1215,0
1216,1
1217,0
1218,1
1219,0
1220,0
1221,1
1222,1
1223,0
1224,0
1225,0
1226,0
1227,1
1228,0
1229,0
1230,1
1231,0
1232,0
1233,1
1234,0
1235,1
1236,0
1237,0
1238,0
1239,0
1240,1
1241,0
1242,0
1243,0
1244,0
1245,1
1246,1
1247,0
1248,0
1249,1
1250,1
1251,1
1252,1
1253,0
1254,0
1255,0
1256,0
1257,0
1258,1
1259,1
1260,1
1261,1
1262,1
1263,1
1264,0
1265,0
1266,1
1267,1
1268,0
1269,0
1270,0
1271,1
1272,1
1273,0
1274,1
1275,0
1276,1
1277,1
1278,1
1279,1
1280,1
1281,1
1282,0
1283,1
1284,1
1285,0
1286,0
1287,0
1288,0
1289,1
1290,1
1291,1
1292,0
1293,0
1294,1
1295,0
1296,0
1297,1
1298,0
1299,0
1300,0
1301,1
1302,0
1303,1
1304,0
1305,0
1306,1
1307,1
1308,0
1309,1
1310,0
1311,0
1312,0
1313,1
1314,1
1315,0
1316,1
1317,1
1318,0
1319,0
1320,0
1321,0
1322,0
1323,1
1324,0
1325,1
1326,0
1327,0
1328,1
1329,0
1330,1
1331,1
1332,1
1333,0
1334,0
1335,0
1336,0
1337,1
1338,0
1339,1
1340,1
1341,0
1342,1
1343,1
1344,0
1345,1
1346,0
1347,1
1348,1
1349,1
1350,1
1351,0
1352,0
1353,1
1354,1
1355,0
1356,0
1357,0
1358,1
1359,0
1360,1
1361,0
1362,0
1363,0
1364,1
1365,1
1366,0
1367,1
1368,1
1369,0
1370,1
1371,0
1372,0
1373,0
1374,0
1375,1
1376,1
1377,0
1378,0
1379,0
1380,1
1381,1
1382,0
1383,1
1384,0
1385,1
1386,1
1387,0
1388,1
1389,1
1390,0
1391,1
1392,0
1393,1
1394,0
1395,1
1396,0
1397,0
1398,0
1399,0
1400,0
1401,0
1402,1
1403,1
1404,1
1405,0
1406,0
1407,0
1408,1
1409,1
1410,0
1411,1
1412,0
1413,0
1414,1
1415,1
1416,0
1417,0
1418,0
1419,1
1420,0
1421,1
1422,1
1423,1
1424,0
1425,1
1426,1
1427,0
1428,0
1429,1
1430,1
1431,1
1432,0
1433,1
1434,0
1435,1
1436,1
1437,1
1438,1
1439,0
1440,1
1441,0
1442,1
1443,0
1444,0
1445,1
1446,0
1447,1
1448,0
1449,0
1450,1
1451,0
1452,1
1453,0
1454,1
1455,0
1456,1
1457,0
1458,0
1459,0
1460,1
1461,0
1462,1
1463,0
1464,0
1465,0
1466,1
1467,1
1468,0
1469,0
1470,1
1471,0
1472,0
1473,0
1474,0
1475,0
1476,1
1477,0
1478,0
1479,1
1480,1
1481,0
1482,1
1483,1
1484,0
1485,1
1486,1
1487,0
1488,0
1489,1
1490,0
1491,0
1492,0
1493,0
1494,0
1495,1
1496,1
1497,0
1498,1
1499,0
1500,0
1501,0
1502,1
1503,0
1504,0
1505,1
1506,1
1507,1
1508,1
1509,0
1510,0
1511,0
1512,1
1513,1
1514,0
1515,1
1516,0
1517,1
1518,1
1519,1
1520,1
1521,1
1522,1
1523,0
1524,1
1525,1
1526,1
1527,0
1528,1
1529,0
1530,1
1531,0
1532,0
1533,1
1534,1
1535,0
1536,1
1537,0
1538,1
1539,0
1540,1
1541,1
1542,1
1543,1
1544,1
1545,1
1546,1
1547,0
1548,0
1549,1
1550,1
1551,0
1552,1
1553,0
1554,1
1555,0
1556,0
1557,1
1558,0
1559,1
1560,1
1561,1
1562,0
1563,0
1564,1
1565,1
1566,0
1567,0
1568,1
1569,0
1570,0
1571,0
1572,1
1573,1
1574,1
1575,0
1576,0
1577,1
1578,0
1579,0
1580,1
1581,1
1582,1
1583,0
1584,1
1585,1
1586,0
1587,0
1588,0
1589,1
1590,1
1591,1
1592,1
1593,0
1594,1
1595,0
1596,0
1597,1
1598,1
1599,0
1600,1
1601,1
1602,0
1603,1
1604,1
1605,0
1606,1
1607,0
1608,1
1609,0
1610,1
1611,1
1612,0
1613,1
1614,1
1615,0
1616,0
1617,0
1618,1
1619,0
1620,0
1621,1
1622,0
1623,1
1624,1
1625,1
1626,1
1627,1
1628,1
1629,0
1630,0
1631,1
1632,0
1633,1
1634,0
1635,1
1636,1
1637,1
1638,1
1639,0
1640,1
1641,0
1642,0
1643,1
1644,0
1645,0
1646,1
1647,1
1648,0
1649,0
1650,1
1651,0
1652,1
1653,0
1654,0
1655,0
1656,0
1657,1
1658,1
1659,0
1660,1
1661,1
1662,1
1663,1
1664,1
1665,1
1666,1
1667,0
1668,1
1669,1
1670,1
1671,1
1672,0
1673,0
1674,1
1675,1
1676,1
1677,1
1678,0
1679,0
1680,0
1681,1
1682,1
1683,0
1684,1
1685,1
1686,1
1687,1
1688,0
1689,1
1690,1
1691,0
1692,1
1693,1
1694,0
1695,0
1696,0
1697,1
1698,0
1699,0
1700,1
1701,0
1702,1
1703,0
1704,1
1705,0
1706,0
1707,1
1708,0
1709,0
1710,1
1711,1
1712,0
1713,0
1714,0
1715,0
1716,1
1717,1
1718,0
1719,1
1720,1
1721,1
1722,1
1723,0
1724,1
1725,0
1726,0
1727,1
1728,1
1729,1
1730,0
1731,1
1732,1
1733,0
1734,0
1735,1
1736,0
1737,0
1738,1
1739,0
1740,0
1741,0
1742,1
1743,1
1744,1
1745,1
1746,0
1747,1
1748,1
1749,0
1750,1
1751,1
1752,1
1753,0
1754,0
1755,1
1756,1
1757,0
1758,0
1759,0
1760,0
1761,0
1762,1
1763,1
1764,0
1765,1
1766,0
1767,0
1768,0
1769,1
1770,0
1771,1
1772,0
1773,0
1774,1
1775,1
1776,1
1777,1
1778,1
1779,0
1780,0
1781,1
1782,1
1783,0
1784,1
1785,1
1786,1
1787,0
1788,0
1789,1
1790,1
1791,0
1792,0
1793,0
1794,0
1795,1
1796,0
1797,0
1798,0
1799,0
1800,1
1801,0
1802,0
1803,1
1804,0
1805,0
1806,0
1807,1
1808,0
1809,1
1810,0
1811,1
1812,1
1813,1
1814,1
1815,0
1816,1
1817,0
1818,1
1819,0
1820,1
1821,1
1822,0
1823,0
1824,1
1825,0
1826,1
1827,1
1828,1
1829,1
1830,1
1831,0
1832,0
1833,0
1834,0
1835,1
1836,1
1837,0
1838,0
1839,0
1840,1
1841,1
1842,0
1843,0
1844,1
1845,1
1846,0
1847,0
1848,1
1849,1
1850,1
1851,1
1852,1
1853,0
1854,0
1855,0
1856,0
1857,1
1858,1
1859,1
1860,0
1861,1
1862,1
1863,0
1864,0
1865,1
1866,0
1867,0
1868,1
1869,0
1870,1
1871,0
1872,1
1873,1
1874,1
1875,0
1876,0
1877,1
1878,0
1879,0
1880,1
1881,0
1882,0
1883,0
1884,1
1885,1
1886,0
1887,0
1888,1
1889,0
1890,1
1891,0
1892,1
1893,1
1894,1
1895,0
1896,1
1897,0
1898,1
1899,1
1900,1
1901,1
1902,0
1903,0
1904,0
1905,1
1906,0
1907,0
1908,0
1909,1
1910,1
1911,1
1912,0
1913,1
1914,0
1915,1
1916,1
1917,0
1918,0
1919,0
1920,1
1921,1
1922,1
1923,1
1924,0
1925,0
1926,1
1927,0
1928,0
1929,0
1930,1
1931,0
1932,1
1933,1
1934,1
1935,1
1936,1
1937,0
1938,0
1939,1
1940,0
1941,0
1942,0
1943,0
1944,0
1945,0
1946,1
1947,1
1948,0
1949,0
1950,1
1951,1
1952,0
1953,0
1954,0
1955,0
1956,1
1957,0
1958,1
1959,1
1960,1
1961,1
1962,1
1963,1
1964,0
1965,0
1966,1
1967,0
1968,0
1969,1
1970,1
1971,0
1972,1
1973,0
1974,0
1975,1
1976,1
1977,0
1978,0
1979,1
1980,0
1981,1
1982,0
1983,1
1984,1
1985,0
1986,1
1987,0
1988,0
1989,0
1990,1
1991,0
1992,0
1993,0
1994,1
1995,1
1996,0
1997,1
1998,0
1999,0
2000,1
2001,0
2002,1
2003,0
2004,0
2005,1
2006,1
2007,0
2008,0
2009,0
2010,0
2011,0
2012,1
2013,1
2014,1
2015,0
2016,1
2017,0
2018,1
2019,0
2020,1
2021,0
2022,0
2023,0
2024,0
2025,1
2026,1
2027,0
2028,1
2029,0
2030,0
2031,0
2032,1
2033,0
2034,1
2035,0
2036,0
2037,0
2038,1
2039,0
2040,0
2041,1
2042,1
2043,0
2044,1
2045,0
2046,1
2047,1
2048,1
2049,1
2050,1
2051,1
2052,0
2053,1
2054,1
2055,1
2056,0
2057,0
2058,0
2059,1
2060,1
2061,0
2062,1
2063,1
2064,1
2065,1
2066,0
2067,1
2068,1
2069,1
2070,0
2071,0
2072,0
2073,1
2074,1
2075,0
2076,1
2077,1
2078,1
2079,1
2080,1
2081,0
2082,1
2083,0
2084,1
2085,1
2086,1
2087,1
2088,0
2089,1
2090,0
2091,1
2092,1
2093,1
2094,0
2095,0
2096,0
2097,1
2098,0
2099,1
2100,0
2101,0
2102,1
2103,1
2104,1
2105,1
2106,1
2107,0
2108,1
2109,1
2110,0
2111,0
2112,1
2113,0
2114,0
2115,0
2116,1
2117,0
2118,1
2119,1
2120,1
2121,1
2122,0
2123,1
2124,1
2125,0
2126,1
2127,0
2128,1
2129,0
2130,1
2131,0
2132,1
2133,1
2134,1
2135,0
2136,0
2137,0
2138,1
2139,1
2140,1
2141,0
2142,0
2143,1
2144,0
2145,1
2146,1
2147,0
2148,0
2149,0
2150,1
2151,0
2152,0
2153,1
2154,0
2155,1
2156,1
2157,1
2158,0
2159,0
2160,0
2161,0
2162,0
2163,1
2164,0
2165,1
2166,1
2167,0
2168,1
2169,1
2170,0
2171,1
2172,1
2173,1
2174,0
2175,1
2176,0
2177,0
2178,1
2179,1
2180,0
2181,1
2182,0
2183,0
2184,1
2185,1
2186,0
2187,1
2188,0
2189,0
2190,0
2191,0
2192,1
2193,1
2194,1
2195,1
2196,1
2197,1
2198,1
2199,1
2200,0
2201,0
2202,0
2203,0
2204,1
2205,0
2206,0
2207,0
2208,1
2209,0
2210,1
2211,0
2212,0
2213,0
2214,1
2215,0
2216,1
2217,0
2218,0
2219,0
2220,0
2221,1
2222,1
2223,1
2224,1
2225,1
2226,0
2227,0
2228,1
2229,1
2230,1
2231,0
2232,0
2233,1
2234,1
2235,0
2236,0
2237,0
2238,1
2239,0
2240,1
2241,0
2242,0
2243,1
2244,1
2245,1
2246,1
2247,1
2248,1
2249,0
2250,0
2251,0
2252,0
2253,0
2254,0
2255,0
2256,0
2257,1
2258,1
2259,0
2260,1
2261,0
2262,0
2263,1
2264,1
2265,1
2266,1
2267,0
2268,1
2269,1
2270,1
2271,1
2272,1
2273,0
2274,0
2275,1
2276,1
2277,1
2278,0
2279,1
2280,1
2281,1
2282,1
2283,1
2284,0
2285,0
2286,1
2287,1
2288,1
2289,0
2290,0
2291,0
2292,1
2293,1
2294,0
2295,1
2296,1
2297,0
2298,0
2299,0
2300,0
2301,1
2302,0
2303,1
2304,0
2305,1
2306,0
2307,1
2308,0
2309,1
2310,1
2311,1
2312,0
2313,0
2314,0
2315,1
2316,0
2317,0
2318,0
2319,1
2320,0
2321,1
2322,0
2323,1
2324,0
2325,0
2326,0
2327,0
2328,0
2329,1
2330,0
2331,1
2332,0
2333,0
2334,0
2335,1
2336,1
2337,1
2338,0
2339,0
2340,1
2341,0
2342,0
2343,1
2344,0
2345,1
2346,1
2347,1
2348,0
2349,1
2350,1
2351,0
2352,0
2353,1
2354,0
2355,1
2356,0
2357,1
2358,0
2359,0
2360,0
2361,0
2362,1
2363,0
2364,1
2365,0
2366,1
2367,0
2368,0
2369,1
2370,1
2371,1
2372,0
2373,0
2374,1
2375,0
2376,0
2377,1
2378,0
2379,1
2380,1
2381,0
2382,0
2383,0
2384,1
2385,1
2386,0
2387,1
2388,1
2389,0
2390,1
2391,0
2392,1
2393,1
2394,1
2395,0
2396,0
2397,0
2398,1
2399,0
2400,1
2401,1
2402,0
2403,1
2404,0
2405,1
2406,0
2407,0
2408,0
2409,0
2410,1
2411,0
2412,0
2413,1
2414,0
2415,0
2416,0
2417,1
2418,0
2419,1
2420,1
2421,1
2422,1
2423,0
2424,0
2425,0
2426,0
2427,1
2428,1
2429,0
2430,1
2431,0
2432,0
2433,1
2434,1
2435,1
2436,0
2437,1
2438,0
2439,0
2440,0
2441,0
2442,0
2443,0
2444,0
2445,1
2446,0
2447,1
2448,1
2449,1
2450,1
2451,0
2452,1
2453,1
2454,1
2455,1
2456,0
2457,0
2458,1
2459,0
2460,0
2461,1
2462,1
2463,1
2464,1
2465,0
2466,1
2467,0
2468,1
2469,1
2470,0
2471,0
2472,0
2473,0
2474,0
2475,0
2476,0
2477,0
2478,0
2479,1
2480,0
2481,1
2482,0
2483,0
2484,1
2485,0
2486,0
2487,0
2488,0
2489,0
2490,0
2491,0
2492,0
2493,0
2494,0
2495,1
2496,1
2497,1
2498,0
2499,0
2500,0
2501,0
2502,0
2503,0
2504,0
2505,0
2506,0
2507,1
2508,0
2509,1
2510,1
2511,1
2512,1
2513,0
2514,1
2515,0
2516,0
2517,1
2518,0
2519,1
2520,0
2521,0
2522,0
2523,0
2524,1
2525,0
2526,1
2527,1
2528,1
2529,0
2530,0
2531,0
2532,1
2533,0
2534,1
2535,1
2536,0
2537,1
2538,1
2539,1
2540,1
2541,1
2542,0
2543,1
2544,0
2545,1
2546,0
2547,1
2548,1
2549,1
2550,0
2551,0
2552,0
2553,1
2554,1
2555,0
2556,1
2557,1
2558,0
2559,0
2560,0
2561,0
2562,0
2563,0
2564,0
2565,0
2566,0
2567,0
2568,1
2569,1
2570,0
2571,1
2572,0
2573,1
2574,0
2575,1
2576,1
2577,1
2578,0
2579,0
2580,1
2581,1
2582,1
2583,1
2584,0
2585,0
2586,0
2587,1
2588,1
2589,1
2590,1
2591,1
2592,0
2593,0
2594,0
2595,0
2596,1
2597,0
2598,1
2599,0
2600,1
2601,0
2602,1
2603,1
2604,1
2605,1
2606,1
2607,1
2608,0
2609,0
2610,1
2611,0
2612,1
2613,0
2614,0
2615,1
2616,1
2617,1
2618,0
2619,1
2620,0
2621,1
2622,1
2623,1
2624,0
2625,1
2626,0
2627,0
2628,0
2629,0
2630,0
2631,0
2632,0
2633,1
2634,1
2635,0
2636,0
2637,0
2638,1
2639,1
2640,0
2641,0
2642,0
2643,0
2644,1
2645,1
2646,0
2647,0
2648,0
2649,1
2650,1
2651,0
2652,0
2653,0
2654,0
2655,1
2656,0
2657,1
2658,1
2659,0
2660,1
2661,0
2662,0
2663,1
2664,0
2665,0
2666,1
2667,1
2668,1
2669,0
2670,1
2671,1
2672,1
2673,0
2674,0
2675,0
2676,1
2677,0
2678,0
2679,1
2680,0
2681,1
2682,0
2683,0
2684,0
2685,1
2686,1
2687,0
2688,0
2689,0
2690,0
2691,1
2692,0
2693,0
2694,0
2695,1
2696,1
2697,0
2698,1
2699,1
2700,1
2701,1
2702,0
2703,0
2704,1
2705,1
2706,0
2707,1
2708,1
2709,0
2710,1
2711,1
2712,1
2713,0
2714,1
2715,0
2716,1
2717,0
2718,1
2719,1
2720,1
2721,1
2722,1
2723,0
2724,1
2725,0
2726,1
2727,0
2728,1
2729,1
2730,0
2731,0
2732,0
2733,0
2734,1
2735,0
2736,1
2737,1
2738,0
2739,0
2740,0
2741,0
2742,1
2743,1
2744,1
2745,0
2746,0
2747,1
2748,1
2749,1
2750,1
2751,0
2752,1
2753,0
2754,1
2755,1
2756,1
2757,1
2758,1
2759,1
2760,1
2761,0
2762,1
2763,0
2764,0
2765,0
2766,0
2767,0
2768,1
2769,1
2770,1
2771,1
2772,1
2773,1
2774,1
2775,0
2776,0
2777,1
2778,1
2779,1
2780,0
2781,1
2782,1
2783,0
2784,0
2785,1
2786,0
2787,0
2788,0
2789,1
2790,1
2791,0
2792,0
2793,1
2794,1
2795,0
2796,0
2797,1
2798,1
2799,1
2800,1
2801,0
2802,1
2803,0
2804,0
2805,1
2806,0
2807,0
2808,0
2809,0
2810,1
2811,0
2812,0
2813,0
2814,1
2815,1
2816,1
2817,0
2818,1
2819,1
2820,1
2821,1
2822,0
2823,1
2824,1
2825,1
2826,0
2827,0
2828,0
2829,1
2830,0
2831,1
2832,1
2833,0
2834,0
2835,0
2836,0
2837,0
2838,0
2839,0
2840,0
2841,1
2842,0
2843,1
2844,1
2845,0
2846,1
2847,1
2848,1
2849,0
2850,0
2851,1
2852,0
2853,1
2854,1
2855,0
2856,1
2857,1
2858,1
2859,0
2860,0
2861,0
2862,1
2863,1
2864,1
2865,0
2866,0
2867,1
2868,0
2869,0
2870,0
2871,1
2872,1
2873,0
2874,0
2875,1
2876,1
2877,1
2878,0
2879,0
2880,1
2881,0
2882,0
2883,1
2884,0
2885,1
2886,0
2887,0
2888,1
2889,0
2890,0
2891,0
2892,1
2893,0
2894,0
2895,0
2896,1
2897,0
2898,1
2899,1
2900,0
2901,0
2902,0
2903,1
2904,0
2905,1
2906,1
2907,1
2908,1
2909,0
2910,0
2911,0
2912,1
2913,0
2914,1
2915,1
2916,0
2917,0
2918,1
2919,1
2920,0
2921,0
2922,1
2923,0
2924,0
2925,1
2926,0
2927,1
2928,1
2929,1
2930,0
2931,1
2932,0
2933,0
2934,0
2935,1
2936,0
2937,0
2938,0
2939,1
2940,0
2941,1
2942,1
2943,0
2944,1
2945,0
2946,0
2947,1
2948,1
2949,0
2950,1
2951,1
2952,0
2953,1
2954,0
2955,0
2956,1
2957,0
2958,1
2959,0
2960,0
2961,0
2962,0
2963,0
2964,0
2965,0
2966,0
2967,1
2968,1
2969,1
2970,1
2971,1
2972,1
2973,0
2974,1
2975,0
2976,1
2977,0
2978,1
2979,1
2980,1
2981,1
2982,1
2983,1
2984,1
2985,0
2986,1
2987,1
2988,1
2989,0
2990,1
2991,1
2992,1
2993,0
2994,0
2995,0
2996,1
2997,0
2998,1
2999,0
